crate	Apache-2.0	LGPL-2.1-or-later	MIT	Unicode-3.0	Unlicense
cfg-if@1.0.5	X		X		
getrandom@0.4.3	X		X		
glob@0.3.4	X		X		
itoa@1.0.18	X		X		
kmipkit@0.1.0	X				
kmipkit-client@0.1.0	X				
kmipkit-ffi@0.1.0	X				
kmipkit-protocol@0.1.0	X				
kmipkit-test-support@0.1.0	X				
kmipkit-transport@0.1.0	X				
kmipkit-ttlv@0.1.0	X				
libc@0.2.190	X		X		
memchr@2.8.3			X		X
proc-macro2@1.0.107	X		X		
quickcheck@1.1.0			X		X
quote@1.0.47	X		X		
r-efi@6.0.0	X	X	X		
rand@0.10.3	X		X		
rand_core@0.10.1	X		X		
serde@1.0.228	X		X		
serde_core@1.0.228	X		X		
serde_derive@1.0.228	X		X		
serde_json@1.0.151	X		X		
serde_spanned@1.1.1	X		X		
static_assertions@1.1.0	X		X		
syn@2.0.119	X		X		
target-tuple@1.0.2	X		X		
termcolor@1.4.1			X		X
toml@1.1.6+spec-1.1.0	X		X		
toml_datetime@1.1.1+spec-1.1.0	X		X		
toml_parser@1.1.3+spec-1.1.0	X		X		
toml_writer@1.1.2+spec-1.1.0	X		X		
trybuild@1.0.121	X		X		
unicode-ident@1.0.26	X		X	X	
winapi-util@0.1.11			X		X
windows-link@0.2.1	X		X		
windows-sys@0.61.2	X		X		
winnow@1.0.4			X		
zeroize@1.9.0	X		X		
zmij@1.0.23			X		
