crate	licenses
cfg-if@1.0.5	Apache-2.0; MIT
getrandom@0.4.3	Apache-2.0; MIT
glob@0.3.4	Apache-2.0; MIT
itoa@1.0.18	Apache-2.0; MIT
kmipkit@0.1.0	Apache-2.0
kmipkit-client@0.1.0	Apache-2.0
kmipkit-ffi@0.1.0	Apache-2.0
kmipkit-protocol@0.1.0	Apache-2.0
kmipkit-test-support@0.1.0	Apache-2.0
kmipkit-transport@0.1.0	Apache-2.0
kmipkit-ttlv@0.1.0	Apache-2.0
libc@0.2.190	Apache-2.0; MIT
memchr@2.8.3	MIT; Unlicense
proc-macro2@1.0.107	Apache-2.0; MIT
quickcheck@1.1.0	MIT; Unlicense
quote@1.0.47	Apache-2.0; MIT
rand@0.10.3	Apache-2.0; MIT
rand_core@0.10.1	Apache-2.0; MIT
serde@1.0.228	Apache-2.0; MIT
serde_core@1.0.228	Apache-2.0; MIT
serde_derive@1.0.228	Apache-2.0; MIT
serde_json@1.0.151	Apache-2.0; MIT
serde_spanned@1.1.1	Apache-2.0; MIT
static_assertions@1.1.0	Apache-2.0; MIT
syn@2.0.119	Apache-2.0; MIT
target-tuple@1.0.2	Apache-2.0; MIT
termcolor@1.4.1	MIT; Unlicense
toml@1.1.6+spec-1.1.0	Apache-2.0; MIT
toml_datetime@1.1.1+spec-1.1.0	Apache-2.0; MIT
toml_parser@1.1.3+spec-1.1.0	Apache-2.0; MIT
toml_writer@1.1.2+spec-1.1.0	Apache-2.0; MIT
trybuild@1.0.121	Apache-2.0; MIT
unicode-ident@1.0.26	Apache-2.0; MIT; Unicode-3.0
winapi-util@0.1.11	MIT; Unlicense
windows-link@0.2.1	Apache-2.0; MIT
windows-sys@0.61.2	Apache-2.0; MIT
winnow@1.0.4	MIT
zeroize@1.9.0	Apache-2.0; MIT
zmij@1.0.23	MIT
