requirement_id,requirement_kind,source_document,source_section,normative_level,scope,statement,implementation_location,test_ids,status
KMIPKIT-REQ-SPEC-9.3-001-001,OASIS normative,KMIPKIT-SRC-spec: Key Management Interoperability Protocol Specification Version 2.1,KMIPKIT-CLAUSE-SPEC-9.3-001; §9.3; Table 402,SHALL (mandatory),client_1_0; owner=KMIPKIT-0008,"When the client can create a structurally valid Attestation Credential, the existing execute request-header builder emits Attestation Capable Indicator=True. This is a derived test, not an official OASIS test case, and does not claim evidence generation or verification.",crates/kmipkit-client/src/execute.rs,crates/kmipkit-client/tests/unit/attestation_indicator_tests.rs::execute_emits_capability_indicator_without_authentication_or_credential_payload,planned
KMIPKIT-REQ-SPEC-9.3-001-002,OASIS normative,KMIPKIT-SRC-spec: Key Management Interoperability Protocol Specification Version 2.1,KMIPKIT-CLAUSE-SPEC-9.3-001; §9.3; Table 402,SHALL (mandatory),client_1_0,"When the indicator is omitted, preserve its absence and expose effective False. The existing 0006 test is retained and extended with an explicit effective-default assertion; derived, not official OASIS evidence.",crates/kmipkit-protocol/src/message/header.rs; crates/kmipkit-protocol/src/message/validation.rs,crates/kmipkit-protocol/tests/message_contract.rs::attestation_indicator_defaults_false_without_materializing_field,planned
KMIPKIT-REQ-SPEC-9.4-001-001,OASIS normative,KMIPKIT-SRC-spec: Key Management Interoperability Protocol Specification Version 2.1,KMIPKIT-CLAUSE-SPEC-9.4-001; §9.4; Table 403,OPTIONAL (permission_or_optional),client_1_0; owner=KMIPKIT-0008,"Authentication may be absent when not needed. Model absence separately from a present Authentication value; derived test, not an official OASIS test case.",crates/kmipkit-protocol/src/credential/authentication.rs,crates/kmipkit-protocol/tests/credential_contract.rs::authentication_absence_is_distinct_from_present_value,planned
KMIPKIT-REQ-SPEC-9.4-001-002,OASIS normative,KMIPKIT-SRC-spec: Key Management Interoperability Protocol Specification Version 2.1,KMIPKIT-CLAUSE-SPEC-9.4-001; §9.4; Table 403,SHALL (mandatory),client_1_0; owner=KMIPKIT-0008,"If Authentication is present, it contains at least one Credential. Reject present-empty Authentication with a payload-free error; derived test, not an official OASIS test case.",crates/kmipkit-protocol/src/credential/authentication.rs,crates/kmipkit-protocol/tests/credential_contract.rs::authentication_rejects_empty_credentials,planned
KMIPKIT-REQ-SPEC-9.4-001-003,OASIS normative,KMIPKIT-SRC-spec: Key Management Interoperability Protocol Specification Version 2.1,KMIPKIT-CLAUSE-SPEC-9.4-001; §9.4; §1.2 keyword definitions,MUST (mandatory),server_only,The server ensures that all supplied Credential structures are satisfied by its authentication process. This server-only duty remains excluded from client implementation and tests; the lowercase classification question remains KMIPKIT-DISC-041.,specs/008-credentials-attestation/spec.md; specification/compliance/requirements/KMIPKIT-0008.csv,,server_only
KMIPKIT-REQ-SPEC-9.4-002,OASIS normative,KMIPKIT-SRC-spec: Key Management Interoperability Protocol Specification Version 2.1,KMIPKIT-CLAUSE-SPEC-9.4-002; §9.4; Table 403,MAY (permission_or_optional),client_1_0; owner=KMIPKIT-0008,"Authentication may contain repeated Credential structures. Preserve every credential in source order; derived test, not an official OASIS test case.",crates/kmipkit-protocol/src/credential/authentication.rs; crates/kmipkit-protocol/src/credential/value.rs,crates/kmipkit-protocol/tests/credential_contract.rs::authentication_preserves_nonempty_credential_order,planned
KMIPKIT-REQ-SPEC-9.11-001,OASIS normative,KMIPKIT-SRC-spec: Key Management Interoperability Protocol Specification Version 2.1,KMIPKIT-CLAUSE-SPEC-9.11-001; §9.11, MAY (permission_or_optional),client_1_0; owner=KMIPKIT-0008,"Represent Credential values that a client may use for identification. Authentication applicability remains profile-specific and is assigned to KMIPKIT-0010; this feature claims no profile support. Derived test, not official OASIS evidence.",crates/kmipkit-protocol/src/credential/value.rs; crates/kmipkit-protocol/src/credential/variants.rs,crates/kmipkit-protocol/tests/credential_contract.rs::known_credential_variants_are_representable,planned
KMIPKIT-REQ-SPEC-9.11-004-001,OASIS normative,KMIPKIT-SRC-spec: Key Management Interoperability Protocol Specification Version 2.1,KMIPKIT-CLAUSE-SPEC-9.11-004; §9.11; Table 412,SHALL (mandatory),client_1_0; owner=KMIPKIT-0008,"A typed Device value conservatively requires at least one of Device Serial Number, Network Identifier, Machine Identifier, or Media Identifier; §9.11 does not state that exact presence rule verbatim. Preserve all six Table 412 fields and impose no non-empty-text rule. Derived test, not official OASIS evidence.",crates/kmipkit-protocol/src/credential/variants.rs,crates/kmipkit-protocol/tests/credential_contract.rs::device_requires_one_named_identifier_member,planned
KMIPKIT-REQ-SPEC-9.11-004-002,OASIS normative,KMIPKIT-SRC-spec: Key Management Interoperability Protocol Specification Version 2.1,KMIPKIT-CLAUSE-SPEC-9.11-004; §9.11; Table 412,SHALL (mandatory),client_1_0; owner=KMIPKIT-0008,The caller supplies one or a combination of the four named Device identifiers that is actually unique. The source does not define comparison scope; KMIPKit does not verify uniqueness from client-local data. No client-side uniqueness test is claimed.,specs/008-credentials-attestation/contracts/rust-credentials.md; specs/008-credentials-attestation/spec.md,,planned
KMIPKIT-REQ-SPEC-9.11-004-003,OASIS normative,KMIPKIT-SRC-spec: Key Management Interoperability Protocol Specification Version 2.1,KMIPKIT-CLAUSE-SPEC-9.11-004; §9.11; Table 412,MAY (permission_or_optional),client_1_0; owner=KMIPKIT-0008,"Represent optional Device Password without allowing it alone to satisfy the typed identifier-presence rule; derived test, not official OASIS evidence.",crates/kmipkit-protocol/src/credential/variants.rs,crates/kmipkit-protocol/tests/credential_contract.rs::device_password_and_device_identifier_are_supplementary_fields,planned
KMIPKIT-REQ-SPEC-9.11-006,OASIS normative,KMIPKIT-SRC-spec: Key Management Interoperability Protocol Specification Version 2.1,KMIPKIT-CLAUSE-SPEC-9.11-006; §9.11; Table 413; §9.14/Table 419,SHALL (mandatory),client_1_0; owner=KMIPKIT-0008,Require the Table 413 Attestation Type and Nonce members and require at least one of Attestation Measurement or Attestation Assertion under §9.11-006. Nonce ID and Nonce Value are separate required fields in §9.14/Table 419; their exact-byte preservation is traced separately as project policy.,crates/kmipkit-protocol/src/credential/attestation.rs; crates/kmipkit-protocol/src/credential/nonce.rs,crates/kmipkit-protocol/tests/credential_contract.rs::attestation_requires_nonce_type_and_evidence,planned
KMIPKIT-REQ-SPEC-9.11-010-001,OASIS normative,KMIPKIT-SRC-spec: Key Management Interoperability Protocol Specification Version 2.1,KMIPKIT-CLAUSE-SPEC-9.11-010; §9.11; Table 415,SHALL (mandatory),client_1_0; owner=KMIPKIT-0008; OD-003,"Require and preserve the caller's Date Time Extended Timestamp. Cross-request monotonicity owner, comparison scope, and clock behavior remain unresolved under OD-003; no monotonicity enforcement or test is claimed.",crates/kmipkit-protocol/src/credential/hashed_password.rs,crates/kmipkit-protocol/tests/credential_contract.rs::hashed_password_preserves_caller_timestamp_without_monotonicity_policy,deferred
KMIPKIT-REQ-SPEC-9.11-010-002,OASIS normative,KMIPKIT-SRC-spec: Key Management Interoperability Protocol Specification Version 2.1,KMIPKIT-CLAUSE-SPEC-9.11-010; §9.11; Table 415,SHALL (mandatory),client_1_0; owner=KMIPKIT-0008,"Expose SHA-256 as the effective Hashing Algorithm default when omitted while preserving field absence; do not calculate hashes. Derived test, not official OASIS evidence.",crates/kmipkit-protocol/src/credential/hashed_password.rs,crates/kmipkit-protocol/tests/credential_contract.rs::hashed_password_omission_has_effective_sha256_without_materializing_field,planned
KMIPKIT-0008-FR-001,project functional,KMIPKit Feature Specification KMIPKIT-0008,Requirements / FR-001,project,client_1_0,Represent absent Authentication and reject present-empty Authentication with no payload in diagnostics.,crates/kmipkit-protocol/src/credential/authentication.rs; crates/kmipkit-protocol/src/credential/validation.rs,crates/kmipkit-protocol/tests/credential_contract.rs::authentication_absence_is_distinct_from_present_value; crates/kmipkit-protocol/tests/credential_contract.rs::authentication_rejects_empty_credentials,planned
KMIPKIT-0008-FR-002,project functional,KMIPKit Feature Specification KMIPKIT-0008,Requirements / FR-002,project,client_1_0,Preserve one or more repeatable ordered Credential values.,crates/kmipkit-protocol/src/credential/authentication.rs; crates/kmipkit-protocol/src/credential/value.rs,crates/kmipkit-protocol/tests/credential_contract.rs::authentication_preserves_nonempty_credential_order,planned
KMIPKIT-0008-FR-003,project functional,KMIPKit Feature Specification KMIPKIT-0008,Requirements / FR-003,project,client_1_0,Provide typed views for all seven Credential Type values and preserve unknown raw enums and opaque values.,crates/kmipkit-protocol/src/credential/value.rs; crates/kmipkit-protocol/src/credential/conversion.rs,crates/kmipkit-protocol/tests/credential_roundtrip.rs::all_assigned_and_unknown_credential_types_round_trip; crates/kmipkit-protocol/tests/credential_roundtrip.rs::unknown_values_and_extensions_remain_opaque,planned
KMIPKIT-0008-FR-004,project functional,KMIPKit Feature Specification KMIPKIT-0008,Requirements / FR-004,project,client_1_0,"Validate known variant member types, requiredness, and canonical field order without interpreting unknown values.",crates/kmipkit-protocol/src/credential/validation.rs; crates/kmipkit-protocol/src/credential/conversion.rs,crates/kmipkit-protocol/tests/credential_contract.rs::known_variants_validate_required_fields_types_and_order; crates/kmipkit-protocol/tests/credential_roundtrip.rs::known_variants_preserve_unknown_children,planned
KMIPKIT-0008-FR-005,project functional,KMIPKit Feature Specification KMIPKIT-0008,Requirements / FR-005,project,client_1_0,Preserve six Device fields; require the conservative one-of-four identifier presence boundary for typed values; leave actual uniqueness to the caller and comparison scope unspecified.,crates/kmipkit-protocol/src/credential/variants.rs,crates/kmipkit-protocol/tests/credential_contract.rs::device_requires_one_named_identifier_member; crates/kmipkit-protocol/tests/credential_contract.rs::device_password_and_device_identifier_are_supplementary_fields,planned
KMIPKIT-0008-FR-006,project functional,KMIPKit Feature Specification KMIPKIT-0008,Requirements / FR-006,project,client_1_0,Preserve required server-sourced Nonce and Attestation Type and require at least one evidence field.,crates/kmipkit-protocol/src/credential/attestation.rs; crates/kmipkit-protocol/src/credential/nonce.rs,crates/kmipkit-protocol/tests/credential_contract.rs::attestation_requires_nonce_type_and_evidence; crates/kmipkit-protocol/tests/credential_contract.rs::nonce_preserves_server_bytes_exactly,planned
KMIPKIT-0008-FR-007,project functional,KMIPKit Feature Specification KMIPKIT-0008,Requirements / FR-007,project,client_1_0; OD-003,"Preserve caller-supplied hash bytes and Timestamp, expose effective SHA-256 when omitted, and do not calculate hashes or claim monotonicity behavior.",crates/kmipkit-protocol/src/credential/hashed_password.rs,crates/kmipkit-protocol/tests/credential_contract.rs::hashed_password_preserves_caller_timestamp_without_monotonicity_policy; crates/kmipkit-protocol/tests/credential_contract.rs::hashed_password_omission_has_effective_sha256_without_materializing_field,planned
KMIPKIT-0008-FR-008,project functional,KMIPKit Feature Specification KMIPKIT-0008,Requirements / FR-008,project,client_1_0,"Emit Attestation Capable Indicator=True from the existing execute header builder based on the shipped typed capability, without Authentication or Credential payload.",crates/kmipkit-client/src/execute.rs,crates/kmipkit-client/tests/unit/attestation_indicator_tests.rs::execute_emits_capability_indicator_without_authentication_or_credential_payload,planned
KMIPKIT-0008-FR-009,project functional,KMIPKit Feature Specification KMIPKIT-0008,Requirements / FR-009,project,client_1_0,Keep profile-specific authentication applicability and mechanism selection outside this feature and claim no profile support.,specs/008-credentials-attestation/spec.md; crates/kmipkit-protocol/src/credential/value.rs,crates/kmipkit-protocol/tests/credential_contract.rs::authentication_models_do_not_select_a_profile_or_mechanism,planned
KMIPKIT-0008-FR-010,project functional,KMIPKit Feature Specification KMIPKIT-0008,Requirements / FR-010,project,client_1_0,Redact secret-bearing values from diagnostics and zeroize initialized KMIPKit-owned secret bytes under the accepted ownership boundary.,crates/kmipkit-protocol/src/credential/secret.rs,crates/kmipkit-protocol/tests/credential_redaction.rs::secret_sentinels_are_absent_from_debug_display_and_errors; crates/kmipkit-protocol/tests/credential_redaction.rs::owned_secret_bytes_are_zeroized_on_drop,planned
KMIPKIT-0008-FR-011,project functional,KMIPKit Feature Specification KMIPKIT-0008,Requirements / FR-011,project,client_1_0,"Preserve unknown fields, enum values, and opaque extensions in generic TTLV.",crates/kmipkit-protocol/src/credential/conversion.rs,crates/kmipkit-protocol/tests/credential_roundtrip.rs::unknown_values_and_extensions_remain_opaque; crates/kmipkit-protocol/tests/credential_roundtrip.rs::typed_roundtrip_preserves_unknown_children,planned
KMIPKIT-0008-FR-012,project functional,KMIPKit Feature Specification KMIPKIT-0008,Requirements / FR-012,project,client_1_0,"Do not implement hashing, evidence generation or verification, Nonce generation, transport, retry, persistence, or a server.",specs/008-credentials-attestation/spec.md; crates/kmipkit-client/src/execute.rs,crates/kmipkit-protocol/tests/credential_contract.rs::hashed_password_preserves_caller_timestamp_without_monotonicity_policy; crates/kmipkit-client/tests/unit/attestation_indicator_tests.rs::execute_emits_capability_indicator_without_authentication_or_credential_payload,planned
KMIPKIT-0008-FR-013,project functional,KMIPKit Feature Specification KMIPKIT-0008,Requirements / FR-013,project,client_1_0; OD-005,Keep Authentication values standalone in memory; do not add request or batch selection/default/override behavior.,crates/kmipkit-protocol/src/credential/authentication.rs; crates/kmipkit-client/src/execute.rs,crates/kmipkit-protocol/tests/credential_contract.rs::authentication_is_an_in_memory_value_without_execution_selection; crates/kmipkit-client/tests/unit/attestation_indicator_tests.rs::execute_emits_capability_indicator_without_authentication_or_credential_payload,planned
KMIPKIT-0008-FR-014,project functional,KMIPKit Feature Specification KMIPKIT-0008,Requirements / FR-014,project,client_1_0,"Map every in-scope OASIS requirement to source, implementation, and executable test; trace project policies separately and list all exclusions.",specification/compliance/requirements/KMIPKIT-0008.csv; tools/normative_catalog/tests/test_feature_traceability.py,tools/normative_catalog/tests/test_feature_traceability.py::credentials_and_attestation_traceability_rows_are_complete,planned
KMIPKIT-0008-POLICY-SECRET-SCOPE,KMIPKit project policy,KMIPKit Constitution and AGENTS.md,Constitution IV; AGENTS.md §8,project policy,client_1_0,Credential values remain in memory; no secret-bearing send path is added by this feature. Any future sender needs a separate approved feature and owner-through-transport lifecycle test.,specs/008-credentials-attestation/spec.md; crates/kmipkit-protocol/src/credential/secret.rs,crates/kmipkit-protocol/tests/credential_redaction.rs::secret_sentinels_are_absent_from_debug_display_and_errors; crates/kmipkit-client/tests/unit/attestation_indicator_tests.rs::execute_emits_capability_indicator_without_authentication_or_credential_payload,planned
KMIPKIT-0008-POLICY-UNKNOWN-PRESERVATION,KMIPKit project policy,KMIPKit Feature Specification KMIPKIT-0008 and AGENTS.md,FR-011; AGENTS.md §9,project policy,client_1_0,"Preserve unknown tags, enum values, bitmask bits, and extensions without assigning unknown standardized semantics.",crates/kmipkit-protocol/src/credential/conversion.rs,crates/kmipkit-protocol/tests/credential_roundtrip.rs::unknown_values_and_extensions_remain_opaque; crates/kmipkit-protocol/tests/credential_roundtrip.rs::typed_roundtrip_preserves_unknown_children,planned
KMIPKIT-0008-POLICY-DEVICE-BOUNDARY,approved feature scope disposition,KMIPKit Feature Specification KMIPKIT-0008 and research.md,OD-002; FR-005,project policy,client_1_0; delegated specification authorization,"Treat one-of-four identifier presence as a conservative typed-client interpretation, not verbatim source text. The caller guarantees actual uniqueness; comparison scope is unspecified. Preserve all six Table 412 fields.",specs/008-credentials-attestation/spec.md; crates/kmipkit-protocol/src/credential/variants.rs,crates/kmipkit-protocol/tests/credential_contract.rs::device_requires_one_named_identifier_member; crates/kmipkit-protocol/tests/credential_contract.rs::device_password_and_device_identifier_are_supplementary_fields,planned
KMIPKIT-0008-POLICY-NONCE-PRESERVATION,KMIPKit project policy,KMIPKit Feature Specification KMIPKIT-0008 and AGENTS.md,FR-006; §9.14; Table 419; KMIPKIT-ELEM-MESSAGE-FIELD-9-14-NONCE-ID; KMIPKIT-ELEM-MESSAGE-FIELD-9-14-NONCE-VALUE,project policy,client_1_0; delegated specification authorization,Preserve server-sourced Nonce ID and Nonce Value bytes exactly in the typed view. This project preservation policy is not attributed to a separate OASIS normative requirement ID.,crates/kmipkit-protocol/src/credential/nonce.rs,crates/kmipkit-protocol/tests/credential_contract.rs::nonce_preserves_server_bytes_exactly,planned
